[{"giamGia":0,"maHoaDon":100001,"ngayLap":{"year":2021,"month":8,"day":5},"SanPhams":[{"maSanPham":10001,"tenSanPham":"Snack banh gao cay han quoc","nhaSX":"Haitai - Han quoc","loaiSanPham":"banh keo","soLuong":10,"donViTinh":"goi","giaNhap":35000,"giaBan":42000,"NSX":{"year":2021,"month":8,"day":2},"HSD":{"year":2022,"month":8,"day":2}}],"thanhTien":420000},
[{"giamGia":0,"maHoaDon":100002,"ngayLap":{"year":2021,"month":8,"day":7},"SanPhams":[{"maSanPham":10002,"tenSanPham":"Dau goi cafe co cay hoa la 300g","nhaSX":"Wellness","loaiSanPham":"dau goi","soLuong":10,"donViTinh":"chai","giaNhap":187000,"giaBan":200000,"NSX":{"year":2021,"month":6,"day":5},"HSD":{"year":2022,"month":6,"day":5}}],"thanhTien":200000},
[{"giamGia":0,"maHoaDon":100003,"ngayLap":{"year":2021,"month":8,"day":7},"SanPhams":[{"maSanPham":10003,"tenSanPham":"Banh an sang Nestle Milo","nhaSX":"Nestle","loaiSanPham":"banh keo","soLuong":10,"donViTinh":"goi","giaNhap":50000,"giaBan":60000,"NSX":{"year":2021,"month":8,"day":5},"HSD":{"year":2022,"month":8,"day":5}}],"thanhTien":60000},
[{"giamGia":0,"maHoaDon":100004,"ngayLap":{"year":2021,"month":8,"day":7},"SanPhams":[{"maSanPham":10004,"tenSanPham":"Banking Soda Muoi","nhaSX":"Arm&Hammer","loaiSanPham":"banh keo","soLuong":10,"donViTinh":"goi","giaNhap":50000,"giaBan":60000,"NSX":{"year":2021,"month":9,"day":11},"HSD":{"year":2022,"month":9,"day":11}}],"thanhTien":60000},
[{"giamGia":0,"maHoaDon":100005,"ngayLap":{"year":2021,"month":8,"day":7},"SanPhams":[{"maSanPham":10005,"tenSanPham":"Banh an kieng","nhaSX":"Sunise","loaiSanPham":"banh keo","soLuong":10,"donViTinh":"goi","giaNhap":50000,"giaBan":60000,"NSX":{"year":2021,"month":10,"day":10},"HSD":{"year":2030,"month":10,"day":10}}],"thanhTien":60000},
[{"giamGia":0,"maHoaDon":100006,"ngayLap":{"year":2021,"month":8,"day":7},"SanPhams":[{"maSanPham":10006,"tenSanPham":"Bo 2 noi xung 3 day","nhaSX":"Fivestar","loaiSanPham":"do gia dung","soLuong":10,"donViTinh":"hop","giaNhap":1500000,"giaBan":2000000,"NSX":{"year":2021,"month":9,"day":21},"HSD":{"year":2030,"month":9,"day":21}}],"thanhTien":2000000},
[{"giamGia":0,"maHoaDon":100007,"ngayLap":{"year":2021,"month":8,"day":7},"SanPhams":[{"maSanPham":10007,"tenSanPham":"Bo noi 3 Lumicarc","nhaSX":"Bloomina","loaiSanPham":"do gia dung","soLuong":10,"donViTinh":"hop","giaNhap":3000000,"giaBan":3500000,"NSX":{"year":2021,"month":8,"day":13},"HSD":{"year":2030,"month":8,"day":21}}],"thanhTien":3500000},
[{"giamGia":0,"maHoaDon":100008,"ngayLap":{"year":2021,"month":8,"day":7},"SanPhams":[{"maSanPham":10008,"tenSanPham":"Bo chao Inox","nhaSX":"SmartCook","loaiSanPham":"do gia dung","soLuong":10,"donViTinh":"hop","giaNhap":2300000,"giaBan":3000000,"NSX":{"year":2021,"month":4,"day":22},"HSD":{"year":2030,"month":4,"day":22}}],"thanhTien":3000000},
[{"giamGia":0,"maHoaDon":100009,"ngayLap":{"year":2021,"month":8,"day":7},"SanPhams":[{"maSanPham":10009,"tenSanPham":"Bo quach vuong ro chien","nhaSX":"Super Chef","loaiSanPham":"do gia dung","soLuong":10,"donViTinh":"hop","giaNhap":630000,"giaBan":700000,"NSX":{"year":2021,"month":2,"day":22},"HSD":{"year":2030,"month":3,"day":9}}],"thanhTien":700000},
[{"giamGia":0,"maHoaDon":100010,"ngayLap":{"year":2021,"month":8,"day":7},"SanPhams":[{"maSanPham":10010,"tenSanPham":"Chao","nhaSX":"Adamant","loaiSanPham":"do gia dung","soLuong":10,"donViTinh":"hop","giaNhap":1400000,"giaBan":2000000,"NSX":{"year":2021,"month":9,"day":8},"HSD":{"year":2030,"month":9,"day":8}}],"thanhTien":2000000},
[{"giamGia":0,"maHoaDon":100011,"ngayLap":{"year":2021,"month":8,"day":7},"SanPhams":[{"maSanPham":10011,"tenSanPham":"Coca-Cola","nhaSX":"Coca-Cola","loaiSanPham":"do uong","soLuong":10,"donViTinh":"chai","giaNhap":20000,"giaBan":30000,"NSX":{"year":2021,"month":1,"day":1},"HSD":{"year":2030,"month":2,"day":3}}],"thanhTien":30000},
[{"giamGia":0,"maHoaDon":100012,"ngayLap":{"year":2021,"month":8,"day":7},"SanPhams":[{"maSanPham":10012,"tenSanPham":"Redbull","nhaSX":"Redbull","loaiSanPham":"do uong","soLuong":10,"donViTinh":"lon","giaNhap":10000,"giaBan":15000,"NSX":{"year":2021,"month":1,"day":1},"HSD":{"year":2030,"month":2,"day":2}}],"thanhTien":15000},
[{"giamGia":0,"maHoaDon":100013,"ngayLap":{"year":2021,"month":8,"day":7},"SanPhams":[{"maSanPham":10013,"tenSanPham":"bia 333","nhaSX":"Sabeco","loaiSanPham":"do uong","soLuong":10,"donViTinh":"lon","giaNhap":10000,"giaBan":15000,"NSX":{"year":2021,"month":1,"day":1},"HSD":{"year":2030,"month":3,"day":3}}],"thanhTien":15000},
[{"giamGia":0,"maHoaDon":100014,"ngayLap":{"year":2021,"month":8,"day":7},"SanPhams":[{"maSanPham":10014,"tenSanPham":"Tra o long","nhaSX":"TEA","loaiSanPham":"do uong","soLuong":10,"donViTinh":"chai","giaNhap":10000,"giaBan":15000,"NSX":{"year":2021,"month":1,"day":1},"HSD":{"year":2030,"month":1,"day":3}}],"thanhTien":15000},
[{"giamGia":0,"maHoaDon":100015,"ngayLap":{"year":2021,"month":8,"day":7},"SanPhams":[{"maSanPham":10015,"tenSanPham":"Nuoc Khoang","nhaSX":"Lavie","loaiSanPham":"do uong","soLuong":10,"donViTinh":"chai","giaNhap":5000,"giaBan":10000,"NSX":{"year":2021,"month":1,"day":1},"HSD":{"year":2030,"month":2,"day":9}}],"thanhTien":10000},
[{"giamGia":0,"maHoaDon":100016,"ngayLap":{"year":2021,"month":8,"day":7},"SanPhams":[{"maSanPham":10016,"tenSanPham":"Nuoc soda co ga","nhaSX":"Schwepp","loaiSanPham":"do uong","soLuong":10,"donViTinh":"chai","giaNhap":5000,"giaBan":10000,"NSX":{"year":2021,"month":1,"day":2},"HSD":{"year":2030,"month":1,"day":4}}],"thanhTien":10000},
[{"giamGia":0,"maHoaDon":100017,"ngayLap":{"year":2021,"month":8,"day":7},"SanPhams":[{"maSanPham":10017,"tenSanPham":"Tam bong Cotton","nhaSX":"Niva","loaiSanPham":"Cham soc ca nhan","soLuong":10,"donViTinh":"lon","giaNhap":15000,"giaBan":20000,"NSX":{"year":2021,"month":1,"day":1},"HSD":{"year":2030,"month":2,"day":3}}],"thanhTien":20000},
[{"giamGia":0,"maHoaDon":100018,"ngayLap":{"year":2021,"month":8,"day":7},"SanPhams":[{"maSanPham":10018,"tenSanPham":"Kem danh rang Close up","nhaSX":"Close up","loaiSanPham":"Cham soc ca nhan","soLuong":10,"donViTinh":"hop","giaNhap":41000,"giaBan":50000,"NSX":{"year":2021,"month":1,"day":1},"HSD":{"year":2030,"month":2,"day":2}}],"thanhTien":50000},
[{"giamGia":0,"maHoaDon":100019,"ngayLap":{"year":2021,"month":8,"day":7},"SanPhams":[{"maSanPham":10019,"tenSanPham":"Dau goi mat lanh","nhaSX":"Clear","loaiSanPham":"Cham soc ca nhan","soLuong":10,"donViTinh":"hop","giaNhap":157000,"giaBan":200000,"NSX":{"year":2021,"month":1,"day":1},"HSD":{"year":2030,"month":3,"day":2}}],"thanhTien":2000000},
[{"giamGia":0,"maHoaDon":100020,"ngayLap":{"year":2021,"month":8,"day":7},"SanPhams":[{"maSanPham":10020,"tenSanPham":"Xa bong","nhaSX":"Lifebuoy","loaiSanPham":"Cham soc ca nhan","soLuong":10,"donViTinh":"hop","giaNhap":13000,"giaBan":20000,"NSX":{"year":2021,"month":2,"day":2},"HSD":{"year":2030,"month":2,"day":3}}],"thanhTien":2000},
[{"giamGia":0,"maHoaDon":100021,"ngayLap":{"year":2021,"month":8,"day":7},"SanPhams":[{"maSanPham":10021,"tenSanPham":"Ao the thao nam","nhaSX":"TSIMPLE","loaiSanPham":"the thao","soLuong":10,"donViTinh":"hop","giaNhap":79000,"giaBan":80000,"NSX":{"year":2021,"month":2,"day":20},"HSD":{"year":2030,"month":3,"day":3}}],"thanhTien":80000},
[{"giamGia":0,"maHoaDon":100022,"ngayLap":{"year":2021,"month":8,"day":7},"SanPhams":[{"maSanPham":10022,"tenSanPham":"Ghe tap the luc","nhaSX":"fifis","loaiSanPham":"the thao","soLuong":10,"donViTinh":"hop","giaNhap":1300000,"giaBan":1500000,"NSX":{"year":2021,"month":2,"day":2},"HSD":{"year":2030,"month":3,"day":8}}],"thanhTien":1500000},
[{"giamGia":0,"maHoaDon":100023,"ngayLap":{"year":2021,"month":8,"day":7},"SanPhams":[{"maSanPham":10023,"tenSanPham":"Xe dap the duc","nhaSX":"GoodFi","loaiSanPham":"the thao","soLuong":10,"donViTinh":"hop","giaNhap":900000,"giaBan":1000000,"NSX":{"year":2021,"month":2,"day":3},"HSD":{"year":2030,"month":9,"day":9}}],"thanhTien":1000000},
[{"giamGia":0,"maHoaDon":100024,"ngayLap":{"year":2021,"month":8,"day":7},"SanPhams":[{"maSanPham":10024,"tenSanPham":"Ghe so pha","nhaSX":"Uintin","loaiSanPham":"do noi that","soLuong":10,"donViTinh":"hop","giaNhap":1000000,"giaBan":50000,"NSX":{"year":2021,"month":2,"day":2},"HSD":{"year":2030,"month":8,"day":8}}],"thanhTien":50000},
[{"giamGia":0,"maHoaDon":100025,"ngayLap":{"year":2021,"month":8,"day":7},"SanPhams":[{"maSanPham":10025,"tenSanPham":"but chi","nhaSX":"Kim Dong","loaiSanPham":"hoc tap","soLuong":10,"donViTinh":"hop","giaNhap":10000,"giaBan":15000,"NSX":{"year":2021,"month":2,"day":3},"HSD":{"year":2030,"month":3,"day":4}}],"thanhTien":15000},
[{"giamGia":0,"maHoaDon":100026,"ngayLap":{"year":2021,"month":8,"day":7},"SanPhams":[{"maSanPham":10026,"tenSanPham":"tap viet","nhaSX":"Kim Dong","loaiSanPham":"hoc tap","soLuong":10,"donViTinh":"hop","giaNhap":10000,"giaBan":15000,"NSX":{"year":2021,"month":2,"day":3},"HSD":{"year":2030,"month":9,"day":3}}],"thanhTien":15000},
[{"giamGia":0,"maHoaDon":100027,"ngayLap":{"year":2021,"month":8,"day":7},"SanPhams":[{"maSanPham":10027,"tenSanPham":"Den ban","nhaSX":"Kim Dong","loaiSanPham":"hoc tap","soLuong":10,"donViTinh":"hop","giaNhap":100000,"giaBan":150000,"NSX":{"year":2021,"month":2,"day":3},"HSD":{"year":2030,"month":9,"day":8}}],"thanhTien":150000},
[{"giamGia":0,"maHoaDon":100028,"ngayLap":{"year":2021,"month":8,"day":7},"SanPhams":[{"maSanPham":10028,"tenSanPham":"But bi","nhaSX":"Kim Dong","loaiSanPham":"hoc tap","soLuong":10,"donViTinh":"hop","giaNhap":10000,"giaBan":15000,"NSX":{"year":2021,"month":2,"day":4},"HSD":{"year":2030,"month":9,"day":8}}],"thanhTien":15000},
[{"giamGia":0,"maHoaDon":100029,"ngayLap":{"year":2021,"month":8,"day":7},"SanPhams":[{"maSanPham":10029,"tenSanPham":"So chep","nhaSX":"Kim Dong","loaiSanPham":"hoc tap","soLuong":10,"donViTinh":"hop","giaNhap":10000,"giaBan":15000,"NSX":{"year":2021,"month":2,"day":4},"HSD":{"year":2030,"month":9,"day":8}}],"thanhTien":15000},
[{"giamGia":0,"maHoaDon":100030,"ngayLap":{"year":2021,"month":8,"day":7},"SanPhams":[{"maSanPham":10030,"tenSanPham":"ghe dau","nhaSX":"Kim Dong","loaiSanPham":"hoc tap","soLuong":10,"donViTinh":"hop","giaNhap":10000,"giaBan":15000,"NSX":{"year":2021,"month":8,"day":8},"HSD":{"year":2030,"month":8,"day":8}}],"thanhTien":15000}]
